{
    "r2_square": 0.46833855799373036,
    "accuracy": 0.8670846394984326,
    "precision": 0.8829300196206671,
    "recall": 0.8463949843260188
}